{"cameraMode":{"drawMode":0,"name":"Shaded","section":"Shading Mode"},"sceneLighting":true,"audioPlay":false,"sceneViewState":{"m_AlwaysRefresh":false,"showFog":true,"showSkybox":true,"showFlares":true,"showImageEffects":true,"showParticleSystems":true,"showVisualEffectGraphs":true,"m_FxEnabled":true},"in2DMode":false,"pivot":{"x":1.5966804027557374,"y":0.2745635509490967,"z":1.9555130004882813},"rotation":{"x":-0.13328807055950166,"y":0.25325173139572146,"z":-0.035168204456567767,"w":-0.9573752284049988},"size":2.474590539932251,"orthographic":false}