{"cameraMode":{"drawMode":0,"name":"Shaded","section":"Shading Mode"},"sceneLighting":true,"audioPlay":false,"sceneViewState":{"m_AlwaysRefresh":false,"showFog":true,"showSkybox":true,"showFlares":true,"showImageEffects":true,"showParticleSystems":true,"showVisualEffectGraphs":true,"m_FxEnabled":true},"in2DMode":false,"pivot":{"x":5.40945291519165,"y":1.4506474733352662,"z":-0.08226731419563294},"rotation":{"x":-0.05168472230434418,"y":0.6963929533958435,"z":-0.05046085640788078,"w":-0.7137572765350342},"size":0.19071267545223237,"orthographic":false}