{"cameraMode":{"drawMode":0,"name":"Shaded","section":"Shading Mode"},"sceneLighting":true,"audioPlay":false,"sceneViewState":{"m_AlwaysRefresh":false,"showFog":true,"showSkybox":true,"showFlares":true,"showImageEffects":true,"showParticleSystems":true,"showVisualEffectGraphs":true,"m_FxEnabled":true},"in2DMode":false,"pivot":{"x":4.5179524421691898,"y":1.2737897634506226,"z":-0.7555022239685059},"rotation":{"x":-0.027267538011074067,"y":0.7422522306442261,"z":-0.030336173251271249,"w":-0.6685640215873718},"size":0.23729786276817323,"orthographic":false}