{"cameraMode":{"drawMode":0,"name":"Shaded","section":"Shading Mode"},"sceneLighting":true,"audioPlay":false,"sceneViewState":{"m_AlwaysRefresh":false,"showFog":true,"showSkybox":true,"showFlares":true,"showImageEffects":true,"showParticleSystems":true,"showVisualEffectGraphs":true,"m_FxEnabled":true},"in2DMode":false,"pivot":{"x":4.618395805358887,"y":0.7405323386192322,"z":1.4613876342773438},"rotation":{"x":-0.01451194379478693,"y":0.985065221786499,"z":-0.13410542905330659,"w":-0.10650186240673065},"size":0.22095772624015809,"orthographic":false}